Pitch,Roll,Yaw,x,y,z
90.537525,107.848067,13.452017,248.735403,159.528424,122.351443
87.573361,80.826635,168.824144,204.246802,179.884522,49.977852
97.543348,74.994856,238.664910,128.623029,334.209425,200.673949
89.312180,92.785221,195.980947,259.883446,341.778418,196.356716
66.181151,95.824498,246.498146,244.423520,289.282880,65.444982
99.299301,87.787728,178.626881,303.535953,303.300026,100.912223
108.811493,85.393597,150.591321,217.273930,298.738828,105.499428
84.107838,79.615652,17.776354,238.721013,309.332501,154.678062
80.920203,54.724087,85.719221,215.278086,399.777445,178.314500
89.666226,90.640751,114.594499,139.252941,239.384704,101.848062
108.378391,102.531261,147.615168,183.143736,261.030559,90.567839
99.843774,93.145314,58.269645,194.671581,280.746540,120.548388
115.546423,63.629800,2.868479,176.858142,349.620467,186.852820
78.305514,96.247275,219.403549,160.172503,421.305878,92.719054
48.252724,67.254585,324.337340,327.881587,224.868762,180.533877
106.636164,80.520320,36.949963,160.922708,224.383424,73.108072
75.443761,67.350548,26.736016,280.713650,242.576652,172.200841
87.763437,60.274329,270.931931,126.844060,375.063811,137.261959
110.817145,103.405108,170.919014,163.282725,334.800367,138.874183
96.677691,106.468002,272.775674,260.462461,234.113638,150.417128
74.621363,73.289522,118.226641,253.101117,224.635940,190.566450
88.770792,92.367434,59.475589,214.749059,436.494879,167.771839
87.350017,87.132665,275.549392,215.436536,356.331702,198.159483
87.216945,124.514026,227.536547,62.687685,373.524244,128.444915
89.903609,103.986297,226.605637,193.176340,148.357026,128.471342
67.604668,94.710648,244.753206,229.070207,266.129043,132.860540
101.666156,94.651306,117.627557,298.856144,252.860224,118.263723
87.267372,86.515797,80.659559,183.680270,288.507936,186.047529
83.341246,68.396775,225.346564,128.723786,459.482472,69.453366
96.702860,79.315200,238.335881,198.662555,287.367970,213.353479
85.622878,60.945268,92.337373,181.059118,194.394378,122.138760
66.372796,83.202187,96.736484,330.710444,227.258624,124.571778
109.959516,88.273489,123.901780,121.027302,287.416484,154.525009
89.615925,76.110217,120.618090,240.753837,208.078816,101.223154
74.344902,101.770058,306.723538,192.969592,324.681919,266.909593
100.953757,90.490000,144.506381,209.117601,273.932113,183.064540
91.285814,93.567360,215.337560,231.805727,247.240123,52.510342
72.029309,95.606858,6.098882,207.461607,201.655540,115.785253
105.934765,86.847998,98.353396,204.363583,263.126953,150.051321
89.204889,84.862934,38.480431,246.761001,285.083119,166.660552
89.157572,80.239600,168.748688,176.768405,283.915902,120.494171
60.179320,86.982210,3.304653,126.969256,269.044668,103.655515
101.057324,83.857584,292.093981,271.819711,294.009030,234.642922
103.672063,111.102311,29.999022,253.783057,321.344475,187.434121
77.667718,82.348861,10.135916,274.879517,330.130152,95.475939
111.555113,79.387345,274.830877,156.429272,220.836147,216.548717
83.657471,88.149601,162.923378,225.390385,243.296796,68.649766
94.623501,71.764140,169.036402,208.319623,334.410796,100.376456
101.836494,81.784140,172.975103,221.613805,203.886385,212.741087
90.271305,62.832150,106.923530,164.886901,256.544130,141.360409
119.031176,93.095768,137.505491,316.873553,359.871528,114.024991
71.730612,84.754645,352.070240,197.684262,248.394117,241.980694
98.536627,110.300000,14.891924,174.297122,324.431869,274.901684
109.243745,90.429280,142.555427,268.303315,291.015652,132.963280
85.069335,87.318200,185.671754,227.078128,217.340062,115.178472
95.648582,93.849975,205.417729,144.672728,349.158120,91.704349
122.908768,140.020228,124.085336,196.729372,236.054863,194.035649
83.784589,89.048589,90.628145,214.107155,121.706968,223.863335
93.357618,101.980879,55.387723,247.210676,188.451201,127.919234
72.927300,93.200639,146.386336,211.367284,214.474407,128.473124
101.032416,109.784716,107.805165,225.766312,90.968989,103.647475
63.048969,100.273630,303.762306,213.690771,243.202934,122.176288
63.507636,100.342320,51.600756,319.658018,325.926622,159.968594
67.390270,86.907861,214.052387,221.443363,274.531458,128.533777
95.845960,81.182674,177.811377,141.382997,391.566338,172.460789
124.511912,99.478116,285.315223,264.415209,339.681170,153.670417
116.608633,56.321637,152.964958,228.054676,382.872588,89.489606
78.890151,93.422943,356.728810,262.300184,305.057023,103.640147
85.532507,98.221952,203.843872,399.118059,417.345355,104.873356
89.752166,91.299447,206.820596,278.135039,411.898996,120.537261
93.683885,93.429031,22.825484,168.611828,274.162534,157.869551
113.325157,73.406270,107.962268,213.590556,266.882405,149.242654
104.224809,104.457598,161.829781,272.667001,313.751618,104.632353
108.563677,78.240388,35.529904,143.185980,336.170757,159.586649
76.389167,82.469860,40.242845,244.141057,189.926331,200.916830
89.567854,80.285057,281.154759,292.452624,401.602602,134.453644
81.527942,102.132214,224.851426,124.548857,340.018356,165.227320
72.996908,93.309932,351.812558,154.311021,279.521867,219.579567
100.284357,106.490251,104.189243,279.273944,342.990907,169.251863
89.214363,77.575868,79.617394,141.066988,353.851030,134.131240
76.868826,86.272205,339.264095,222.284651,259.712192,148.200155
89.272217,94.887633,73.977299,198.929282,288.652177,61.979377
99.617984,59.933293,308.115354,251.828723,249.441807,291.817276
103.240523,74.208616,18.862854,246.403496,203.330767,124.683978
82.915404,85.724596,289.603260,212.841448,313.980510,75.940150
73.220630,98.312603,62.251378,165.496127,252.130262,142.536050
85.827108,95.783426,69.254279,241.839185,188.531850,142.002461
98.295452,88.257658,183.655334,235.334265,255.387857,125.937347
86.005163,59.263826,335.374284,131.947556,268.991477,174.446109
110.314043,100.437791,164.573778,215.432705,387.901546,106.094589
85.515049,91.940020,36.224343,314.105686,381.981191,171.642924
91.348170,72.805487,84.297179,157.173195,339.915118,225.926584
73.287129,109.968739,64.123624,232.691652,341.640273,148.932223
99.348651,114.227087,60.524494,238.578850,260.312493,151.277060
95.436404,90.229023,283.122176,281.298900,340.148602,199.575484
89.216930,93.413222,53.025362,243.547767,267.096022,174.406612
89.966122,77.181505,52.583022,252.327875,307.995785,113.236635
98.470902,134.319873,251.244652,121.408254,278.880146,187.166501
94.361031,100.358162,71.146449,265.917575,198.037093,176.795900
100.639608,70.800935,16.824282,188.429725,264.952147,148.962083
90.085956,73.758163,0.407446,203.601831,290.121940,97.264376
97.574043,110.721537,280.816598,254.961732,235.516091,187.215574
47.825439,116.628211,126.842402,207.532923,334.654480,133.184519
82.268760,66.265554,322.234271,229.561819,373.886344,155.396250
105.835914,101.989725,105.665205,321.205680,369.925460,144.551154
85.429746,79.775017,268.479796,228.365110,359.160171,212.584544
119.781350,87.163334,249.409175,220.066338,301.228637,125.234537
85.667087,76.412749,293.940751,223.112422,211.792300,174.293594
116.958671,93.347641,164.976065,136.980838,220.970690,131.264804
72.782172,82.035659,9.986865,242.860923,223.823726,104.270439
88.743490,122.965541,169.170809,230.123007,275.107147,156.439115
93.992111,106.633562,317.995134,128.912025,288.388491,159.153223
103.733122,92.086247,223.454706,300.541488,256.446473,167.483641
102.138422,91.128071,134.944757,206.114177,321.950599,158.825568
97.939836,67.883312,337.080744,135.206766,325.978983,94.878952
96.871897,79.026308,13.291075,281.110505,225.790644,126.612336
97.965135,89.684970,76.014687,268.907972,220.217743,211.291103
108.526930,78.475840,193.265549,162.849592,277.346521,103.469197
78.976246,95.194661,251.718341,276.324550,321.757727,191.484313
106.978439,93.024916,201.116626,101.593020,399.794971,165.123898
103.859336,93.919928,153.832713,171.650441,334.395917,137.160449
93.188387,115.707087,355.536280,213.564159,495.835495,77.894765
105.623732,97.582952,331.780974,188.840056,124.498214,52.052454
99.943453,100.964945,264.232062,273.362177,349.549888,73.304311
93.223137,97.440979,267.715467,232.778797,187.542020,100.454061
133.244657,115.969252,212.526666,223.916605,289.085543,5.113874
90.490769,73.777200,335.682108,230.558147,328.310228,179.356355
88.610135,87.226410,294.187922,180.836802,144.457770,253.021899
67.923255,81.450174,72.407751,180.236122,127.410032,120.353639
84.367081,89.966731,182.692785,213.336149,405.952868,173.467426
84.270885,109.681000,70.839450,250.429543,190.281389,174.155631
82.872645,102.119374,218.829838,196.393167,262.347532,146.325474
86.949392,97.941588,145.739262,162.024698,354.044493,196.947363
73.912997,77.705207,59.420405,174.306101,200.133909,173.810145
86.136830,89.757874,2.739151,194.738850,276.956433,125.541822
93.492865,68.192746,337.276235,194.091936,289.061814,228.544533
80.161619,109.004162,310.056414,312.077994,302.298515,108.028410
129.673777,80.107840,277.069088,267.930405,283.344598,92.268209
75.373563,116.591713,51.704379,305.691398,319.581221,106.081450
91.374689,96.972317,331.340114,192.970931,289.169828,133.574874
99.603438,92.106402,35.107231,146.071646,406.406843,126.106379
113.391194,100.032287,55.683454,201.814953,220.250124,64.964476
98.640289,96.138723,184.475753,177.880267,192.838877,148.508725
95.242922,63.726747,60.148166,180.410932,178.814517,191.895124
122.934425,81.039929,274.588040,219.140144,254.807396,146.581794
110.567733,70.819635,205.185670,203.191616,207.827890,130.209339
75.444362,79.995420,56.253471,295.560546,371.738245,224.233844
103.035766,89.590955,38.152651,307.597724,373.061666,191.082929
91.139379,118.291723,84.618688,250.339694,336.280602,62.765128
65.028250,94.239314,355.373817,174.160363,323.829850,191.020512
85.658076,83.607277,76.978107,209.828728,352.899226,151.107297
86.031064,95.789267,175.617210,167.720006,243.725318,115.595053
81.912022,81.262862,287.280947,162.070413,276.282077,165.639795
83.868986,80.360118,263.901518,133.825209,270.270994,119.965654
91.007913,63.553750,84.398558,194.861617,417.322655,111.788767
79.239580,89.128243,230.784128,232.365722,367.173494,102.524215
85.148948,111.179667,259.563547,230.870062,210.104117,166.446830
80.282981,90.321751,235.198188,253.763305,314.370673,186.017028
79.655349,99.696580,189.792389,193.432393,298.413520,88.974931
93.447474,97.889406,44.265049,327.587487,326.005169,139.700650
79.673200,88.889716,221.627094,227.890294,349.407540,134.780228
64.393869,90.192806,57.885033,234.887011,219.764007,96.124787
77.337278,103.839991,165.363621,216.516541,309.767837,122.853927
104.889459,61.869521,271.701733,198.596643,304.473341,200.251174
104.404004,59.357018,106.897568,188.835036,309.161447,101.365714
108.383073,102.160996,284.796754,203.609704,113.538836,170.038345
41.462531,88.111116,308.194458,269.812677,323.615315,178.053060
75.439293,77.928557,10.821778,192.734516,351.549850,113.188165
98.244985,88.028802,192.047810,129.390427,322.735555,148.405097
82.074520,83.591074,266.035047,161.019647,341.608465,251.188911
88.320357,68.690016,210.879894,248.576405,252.611606,98.153985
87.658751,60.321670,208.114589,188.703465,343.802751,115.859838
110.236780,101.675850,242.130755,250.140542,302.766454,146.339429
87.796494,78.913040,302.971683,199.499841,230.635606,177.083740
68.030170,114.530042,17.886108,218.691908,226.038242,146.138812
82.212150,115.735016,318.345085,194.040433,260.468334,141.857880
81.199544,82.057095,105.567850,189.056767,255.676606,147.985628
84.745366,110.782566,225.595468,264.143520,293.171548,99.257853
91.962031,96.799224,114.214541,230.102067,280.936686,176.388494
81.900886,59.326263,306.392000,220.060591,336.613253,172.545732
105.805698,73.925986,254.787984,259.454811,319.531792,179.760841
100.526414,101.667844,294.396758,198.334787,352.538972,112.128838
85.764299,120.367207,323.092586,189.006412,350.627157,273.814959
71.834774,102.322811,19.424275,263.458825,324.222220,193.817377
100.376593,81.782628,154.735941,261.938351,192.790256,153.042179
85.308170,88.124158,75.992429,363.368274,356.046865,145.227685
90.824182,80.309938,238.123517,155.042319,292.036763,167.558346
103.059752,95.247646,68.607741,227.379411,318.051404,162.203609
93.322378,97.245862,185.271145,230.117601,214.094096,125.063358
102.829100,82.057505,244.426340,270.499029,304.179299,156.069693
80.255526,87.572844,33.316754,211.442561,254.258166,100.084023
72.796461,77.679899,57.187122,222.693177,312.970114,86.388010
66.934407,104.524320,101.116321,168.770089,332.427739,93.127066
88.011295,67.225267,166.578832,232.608015,306.569942,165.212500
113.498035,71.023572,288.700913,263.241455,237.743015,229.099570
90.932112,75.647013,194.230736,188.200546,385.698224,183.196853
98.422141,76.266562,199.161400,194.389548,331.377744,105.674095
97.931549,94.224720,27.164698,107.245478,297.698209,74.214753
79.701670,87.963644,221.468174,124.935972,263.428788,35.328464
96.591702,73.954636,216.248482,168.552833,319.450145,137.043074
78.792436,84.241046,155.841545,344.979074,372.612459,136.178969
78.773290,96.097422,298.953118,195.201969,101.937638,200.054155
92.161255,77.732698,116.584030,186.733739,207.383504,158.086422
51.029116,82.182941,241.753247,238.732693,254.346756,146.335704
100.303147,62.635461,84.675814,285.475713,282.729415,176.085308
78.219083,96.809578,141.184654,148.042122,254.503053,167.770030
95.110892,57.790859,68.057793,240.415116,266.183567,59.404944
83.914334,85.131979,237.888241,242.838989,330.866747,230.884551
99.480991,81.602237,280.598546,281.228975,246.787238,119.084607
76.933852,63.577064,161.357741,187.980288,282.836452,144.314745
88.626736,86.898032,186.098422,217.970600,306.202687,70.447244
80.532416,80.226020,84.997303,269.366101,381.799497,94.259192
121.588829,68.790904,3.876607,260.006785,211.389184,104.743406
98.381868,83.142960,149.399702,299.727639,279.264034,130.177804
74.684182,107.555486,179.197520,281.926291,292.381997,146.350181
86.626059,96.377035,7.550868,273.124477,244.735172,170.076413
75.596571,88.568744,350.811964,219.852173,221.609249,85.327459
102.494411,89.656625,105.572948,265.480760,270.842018,167.417909
85.888648,89.934135,37.538967,155.420002,223.280477,154.613757
113.939513,87.971244,219.760205,213.502752,237.166816,177.303641
67.266217,77.793126,156.454255,216.927790,288.234755,218.071597
103.465219,97.982423,355.004834,210.143018,337.048363,94.047480
85.588287,82.085981,344.096373,128.677728,249.080427,95.279659
83.781371,97.151591,128.540570,269.746839,341.855564,145.823148
107.528689,97.655644,201.787043,179.140007,288.140213,151.468490
81.808483,107.601383,218.872805,222.464557,292.717282,182.805164
72.335969,104.553627,320.211165,208.157270,274.905733,112.322028
102.409811,89.486044,279.781652,322.887398,298.945655,183.010710
62.720215,101.844160,338.834303,219.949616,248.504429,156.665910
89.274756,63.729721,250.808776,223.210020,202.488336,186.242970
81.933352,69.177796,272.570986,140.238434,254.878018,222.386316
114.139190,67.542615,203.683824,186.188705,204.767751,94.578259
49.976203,98.399771,147.834495,153.054893,233.359124,133.403499
90.766835,99.259384,124.937761,136.159811,182.298534,52.621012
80.804485,94.284369,121.744247,207.372210,316.392520,125.974192
62.312578,90.256775,159.660440,202.429026,330.023053,214.982102
93.170578,87.517502,169.905948,200.872465,312.817792,78.187421
125.476653,92.782264,86.630070,238.130620,87.522620,152.726073
96.021953,96.237710,278.528382,156.165999,208.412476,127.748887
102.506355,120.794818,224.066956,220.931081,389.829017,175.836104
101.346761,74.349431,43.461901,288.818148,278.163126,189.681638
83.335385,100.027263,358.365564,177.396050,152.208217,145.073483
81.128006,80.963668,89.818552,224.438135,347.737667,177.580213
94.459237,47.897742,147.491873,226.994570,304.063532,78.932224
105.509402,94.376890,170.310071,97.412682,343.190137,129.986765
96.389095,93.124571,42.954555,252.309910,273.542177,152.941599
88.680111,89.068729,318.530487,200.299667,260.420438,70.253781
107.311791,82.711119,4.603281,146.187654,279.494561,97.529983
79.343081,83.089858,170.715236,269.415336,207.422531,125.951425
79.652403,103.715349,227.177769,164.836153,440.003764,134.500771
108.189533,72.568012,5.871546,259.285925,349.351277,141.767870
62.387117,113.121239,242.360814,189.368245,289.611964,151.178965
61.455409,69.850575,108.663205,91.410522,182.180078,140.563573
64.228770,102.579146,311.708711,160.906684,292.045804,137.824067
88.455607,93.103017,296.779325,165.507328,351.296762,92.779955
66.254042,75.777140,314.269609,202.377142,289.614492,115.646341
84.390582,115.663790,358.287501,219.003818,344.524207,111.200802
71.129957,119.022624,219.961672,205.387140,291.856343,137.522961
105.474319,93.651260,199.723177,275.582194,235.633301,194.181773
84.439848,74.674447,287.739977,155.124478,243.500176,174.907724
82.679223,86.275877,30.963105,198.440761,351.473612,149.433973
79.752992,84.792997,323.593479,161.505324,340.684911,165.010211
90.686591,95.736012,144.501874,321.080031,328.367435,172.448408
102.413934,91.402731,156.358038,332.645050,338.190432,116.313952
92.173563,65.937980,272.394041,178.892863,254.655177,104.395451
80.211414,97.695898,69.200541,258.218674,159.669193,187.320159
98.030127,84.553911,333.277340,260.246767,181.438854,202.133799
83.829742,90.077551,16.095314,138.135926,208.325116,186.338311
102.907818,85.217139,211.570308,206.206590,206.711189,120.821326
120.050043,108.897308,227.541213,216.424499,231.072880,113.908489
88.838562,93.890395,73.248299,308.144002,405.749485,141.899074
94.043337,82.926195,281.611912,116.783744,307.291872,130.319632
99.565807,107.490685,117.817518,148.959023,218.246201,157.115441
86.240593,89.966203,303.267854,189.908625,376.901848,175.764181
111.122358,100.611389,166.391975,267.813589,325.902635,74.347791
90.708866,109.036509,359.936582,144.896565,248.752087,94.934362
93.621499,103.657675,36.631668,184.169584,430.767416,179.071910
116.729518,81.560117,118.136320,211.117326,279.324965,212.625202
61.841110,83.739589,44.768956,135.978021,144.446231,110.778350
67.154284,96.726316,203.408481,290.778936,146.553945,174.940248
106.466032,94.115348,320.605367,297.153219,190.727922,167.018156
94.964035,105.022244,338.301880,257.722642,253.084124,197.996494
95.912315,72.322595,183.845944,279.508442,323.253417,167.539747
101.679760,78.078841,305.403398,180.465159,286.691489,131.176002
87.871684,96.890109,23.209912,267.599901,226.322989,125.092759
84.954061,78.674979,175.259283,232.161769,253.797650,179.413873
101.647842,71.617582,67.551193,232.417019,185.537785,185.516687
95.443327,88.224745,252.759127,151.046370,388.846218,235.261214
95.654504,81.107637,190.358482,266.851375,341.074197,153.666199
88.876178,40.011166,334.662263,226.664821,344.716005,135.722783
76.052843,88.539365,143.715161,346.677558,361.977675,174.295602
105.974772,115.519112,214.114192,285.318899,284.000154,129.139153
81.385024,65.117331,96.033738,301.654029,381.752248,151.339946
86.338032,97.877846,143.329065,260.809741,188.482221,120.948807
91.676620,93.948405,275.298999,153.346254,245.511323,129.624137
93.965125,104.705826,297.046628,140.791663,206.714998,166.114708
95.421074,75.466219,218.729461,216.581703,290.769914,170.878131
73.987732,94.351594,242.582061,232.898184,305.122147,146.875652
82.824829,97.240245,254.140227,205.099488,263.172156,181.832568
100.191035,97.424049,270.186504,301.051847,260.460403,194.453434
85.207266,97.405100,271.743910,185.798897,333.432494,215.446770
82.688620,90.269034,93.144465,238.662766,313.293430,166.339277
96.795124,64.678744,353.014432,158.131331,226.152222,110.245999
80.426628,88.056353,6.731082,173.343565,277.197091,183.409720
111.348217,93.031262,348.634991,224.811568,318.366002,164.117721
70.172269,74.574320,8.936969,303.055468,165.363013,167.573765
131.463168,71.174585,84.873064,119.169881,218.922665,84.251792
64.983333,97.215700,146.815212,351.705235,339.815188,271.919093
94.115313,103.714592,192.173136,130.943426,297.502349,139.383750
91.853535,74.858888,194.531918,288.466245,277.515931,152.485236
95.447701,92.484028,81.434434,196.153814,286.824513,122.144615
58.146883,100.820408,140.162483,219.185663,227.955437,247.494844
71.182845,99.380855,356.208323,242.292825,222.268702,91.909864
101.110778,103.979275,61.013472,268.415594,322.746668,223.589549
83.292390,74.139166,270.756729,229.553005,315.758183,153.248962
99.366614,88.278442,292.335083,192.985400,286.089099,178.387275
86.278863,69.903184,243.018574,279.185670,334.114436,99.088178
89.890381,110.783171,82.128782,222.775115,153.650301,98.602797
98.112394,94.840840,88.221874,160.926064,400.927085,150.321178
103.007920,89.688948,219.656131,301.802444,249.119018,189.998052
113.317076,71.786291,29.213168,202.719779,155.455501,104.382301
49.995328,93.312061,233.350791,259.980426,278.167116,140.082125
99.845403,85.599286,188.897584,239.586060,266.876969,162.133847
107.903124,70.041874,54.415158,131.191158,382.122288,155.146180
88.184502,93.347429,337.187434,152.751161,315.149047,94.673874
94.387806,101.415119,32.592606,160.369725,292.823542,86.494591
86.793409,118.768563,197.771488,266.689055,353.317734,151.164076
82.408654,77.643047,188.640456,225.892289,196.552370,166.443294
112.986438,99.303527,293.729883,234.511662,240.831953,142.807483
104.580531,86.937440,138.423262,279.271829,403.335949,203.067058
62.922654,101.143928,134.416856,215.059112,398.533549,175.596011
102.606082,133.564956,187.491104,191.043693,300.921382,201.735355
108.491543,61.239628,95.282978,212.423451,314.112259,107.264089
81.469762,104.309258,160.796127,330.497181,377.763790,173.799357
69.126335,68.216741,230.087842,214.657867,315.431021,145.450727
80.488250,81.122286,41.181841,200.870377,207.957390,115.973957
79.570355,120.831538,120.459713,168.723394,340.209136,139.452779
99.670814,75.820240,321.855372,198.643211,249.203672,105.908389
47.875370,79.932929,341.164737,150.436528,382.316904,204.266054
117.230337,81.101034,244.237423,238.909386,334.204503,171.712424
82.355549,89.228431,157.292241,257.688616,346.820304,203.038617
74.416207,80.886185,43.786654,174.628410,302.947974,144.617065
74.864906,78.129093,219.133641,170.294770,322.356798,186.048419
76.720800,110.762854,245.018425,82.109387,350.560308,84.148984
95.547431,92.834403,197.525237,174.993908,372.187517,292.725421
106.084236,90.338930,206.934956,228.942068,241.442989,90.603962
128.738193,90.774993,192.660814,126.796518,215.967499,254.563078
73.901256,91.575429,75.837753,246.997800,321.514748,174.331340
88.989860,86.390999,165.731055,224.977719,382.564040,90.479504
76.741021,105.762171,13.656586,157.850232,335.673445,167.928487
82.591736,90.987586,32.396647,176.531368,336.520243,84.650185
77.280318,101.818530,214.250749,176.261824,251.319786,141.044568
102.945009,118.116176,102.332189,212.358052,291.556429,143.894473
94.288367,91.131761,157.322310,207.325051,223.324804,160.705141
98.256808,84.625498,109.566315,290.106019,277.555567,63.581632
81.127511,99.152290,252.075172,247.995307,287.546964,141.379072
99.325934,79.685914,23.315878,320.651076,275.465129,150.478420
104.319496,125.025826,285.208641,212.788106,408.094703,133.016381
78.564684,120.478524,309.936293,188.304938,276.663800,151.907901
75.548186,110.727386,288.007127,95.639030,270.476060,195.707634
93.149823,71.603943,102.343785,313.072502,258.710923,215.587428
113.241589,71.715028,230.387431,196.361396,196.344324,221.582272
93.516920,92.306049,244.425437,248.953775,166.349624,165.308690
89.088383,98.185735,160.669890,257.463423,153.914224,57.104313
71.496806,93.557740,319.728674,150.041266,418.743937,180.671718
74.457515,81.711958,92.737809,227.696449,254.723914,219.978490
65.784752,66.972833,181.395703,178.665724,152.476788,115.970884
80.530126,87.479751,95.105489,242.876933,324.473849,177.448635
106.282346,65.896923,359.590049,218.920697,310.491581,189.359748
80.136143,78.459817,6.227678,179.933210,230.253575,195.648878
85.556232,76.141252,63.537418,318.129163,243.765307,161.868125
90.900942,94.892107,153.642601,188.341714,344.716034,119.629638
67.618911,93.648624,326.681424,257.429021,274.220342,154.243507
92.413093,83.724291,294.368647,121.219263,105.392474,136.057667
66.587855,83.818576,76.459413,196.383169,243.061974,193.398109
78.936681,104.682401,180.183183,228.741877,121.828943,109.536353
65.399085,72.641754,48.947460,283.354761,259.476317,129.038321
68.557756,72.891974,214.739725,208.641342,267.401665,179.725359
105.991542,94.112638,271.119812,292.839599,268.995317,78.889022
87.886791,124.082576,335.253097,230.982892,249.399294,88.740232
121.140028,73.471386,202.228066,215.875423,208.880985,102.292854
68.804537,86.367041,345.360836,177.873492,381.987974,53.235491
67.739792,76.455444,231.405136,240.915983,236.171246,102.692378
78.170270,62.809378,201.088587,180.209705,359.508401,185.561261
112.954716,72.072497,119.046053,285.070625,338.660135,110.364204
67.491351,98.574305,224.515635,240.339625,185.176713,158.524984
113.940921,93.017602,67.054393,202.078994,235.564410,183.392642
90.620382,99.317279,46.777911,107.759128,310.974930,220.368727
68.231338,66.778150,324.805434,236.348567,327.636035,115.470149
89.880851,90.346419,156.688863,151.099863,344.018725,120.842976
83.529759,66.058336,141.579742,261.260006,300.782715,147.719309
77.064998,78.700540,67.196409,230.467990,247.668189,196.514894
103.369776,107.956006,115.846289,160.377809,351.752781,157.864415
52.947879,93.538824,111.909081,227.365439,335.934700,195.324584
98.394190,112.721203,231.936364,241.206364,262.183072,130.298615
89.808037,97.786705,100.862125,230.215525,255.110067,139.250254
90.735377,64.780867,169.608224,211.926487,269.645187,123.650285
65.905784,47.971157,192.421932,216.927774,247.867673,198.274733
72.645348,70.202901,44.229277,180.307985,474.643624,84.956692
115.463972,91.024590,89.401477,191.185711,274.060104,62.468330
91.132203,69.593840,113.269720,202.604710,302.421833,91.506098
103.320135,104.373436,184.430051,214.742781,383.595949,145.845929
95.686534,79.967368,351.686112,259.978705,323.365542,183.799150
110.220861,98.801589,9.305880,208.219532,200.448516,138.194171
94.894408,104.552699,344.983597,160.922483,246.527004,175.547084
78.540415,100.267278,156.287043,130.808057,261.008216,152.864466
74.951137,89.812264,28.741782,241.633061,259.887404,104.167273
88.445063,101.061187,271.312277,273.245254,297.881866,127.207124
91.795748,80.001218,209.611008,282.015199,273.301402,165.445410
79.019759,72.969821,174.845552,118.118676,206.139087,251.329462
124.875527,101.521973,292.090247,166.938208,174.429217,209.739571
103.738878,77.426099,352.006636,258.304749,355.137960,96.983110
91.088440,76.126332,303.407196,250.282092,353.889344,159.353475
106.861766,102.449764,3.201879,307.463295,262.880479,170.170891
87.128229,79.843129,7.309689,160.938803,325.241382,127.902130
79.410034,80.908999,158.999566,243.833414,275.329737,214.692080
74.433100,97.704609,83.842385,183.230767,334.759557,109.177003
94.408125,95.108866,112.401608,212.466230,299.246235,72.571859
64.167949,73.600508,28.400726,231.660706,252.422753,130.813369
77.877985,87.108521,299.853623,280.462853,218.859843,96.350573
95.311215,78.368125,345.050459,161.120852,359.206530,64.067232
93.134335,75.173610,299.642215,226.780923,240.244905,144.742371
78.010296,99.411039,261.197457,137.791488,350.357107,112.000804
80.287465,96.667598,350.743467,167.048710,250.801122,180.401743
76.736867,106.228136,239.871544,305.237694,362.277681,199.198957
94.663194,108.203633,289.075197,205.382978,288.960302,256.159202
103.287036,118.814271,62.180395,185.235586,224.294610,137.852377
79.433292,69.588491,330.304623,276.680616,305.465309,144.222951
110.215794,113.390411,120.276737,263.162062,390.996501,179.721807
107.221885,58.184925,140.333527,227.108073,294.303174,59.993634
94.030227,79.277742,49.091111,117.097248,145.173467,165.899357
89.994066,83.598084,75.464850,239.512797,291.357654,189.157086
104.491745,84.405284,8.968316,280.240824,289.366178,202.943895
119.204416,81.161759,288.081301,234.045995,130.097877,146.062965
99.363239,94.339529,242.981210,281.298453,224.095543,175.792132
102.516827,83.936249,293.347784,185.172134,342.784229,235.847257
101.886068,67.875520,260.116864,206.640153,227.381081,149.381666
96.280315,70.071201,164.615928,178.372687,341.635548,209.653785
94.869523,107.117069,300.048339,235.732773,451.146737,151.006380
85.036628,98.014397,260.006128,210.620892,233.798105,135.642462
91.223682,84.182133,110.462656,135.125967,237.645766,180.761127
69.677184,92.002979,148.629208,256.025250,316.424314,230.057080
68.814934,62.006666,257.550171,179.343898,280.363478,52.367523
77.483935,105.363099,42.974327,279.179151,430.476916,150.290563
100.703448,105.194382,116.501851,114.915877,212.140725,158.934600
83.498718,85.621399,186.707794,167.944546,395.182664,162.736465
79.966045,92.984807,198.005437,149.422172,276.165978,36.058790
62.375497,88.738632,7.446363,280.624955,265.653185,130.482249
70.240314,84.556679,79.214002,216.686539,399.710884,173.699548
106.186033,97.236813,139.698056,141.279517,220.514726,129.585634
63.337428,91.499960,240.905244,242.640032,300.345025,234.446411
102.503422,80.488040,49.045864,229.777740,214.369632,29.509644
101.385295,100.543425,289.887504,187.235365,365.631006,179.494314
143.363728,72.683477,146.850980,313.060440,187.024619,121.608323
105.295194,80.508065,333.795953,216.875609,283.549208,185.602502
101.002702,94.434303,342.538114,376.957609,291.868930,113.128375
96.663692,67.368441,328.188001,181.283852,348.800109,85.445919
79.613473,79.097784,318.476466,250.665403,328.529774,142.407391
84.084393,88.077552,198.328700,285.142921,447.564518,164.336210
106.899022,91.721531,121.166731,198.434892,220.846057,159.273342
110.816780,68.984622,147.486586,298.660876,325.788391,93.519889
81.033869,91.053162,105.203474,157.304492,337.278119,190.755744
64.926837,89.001765,62.325020,135.065842,236.523780,167.042680
85.045220,105.687561,256.794987,233.162378,228.912559,52.639290
103.351939,66.908840,25.875303,171.823405,256.896328,133.780810
84.742829,109.148437,346.316219,224.978206,236.329632,108.581556
86.598915,65.379028,331.333038,197.413198,297.715009,197.294283
114.745976,78.005584,359.126244,171.594428,345.476164,146.219466
81.358476,81.385234,56.851143,198.816585,303.263390,192.052723
92.945447,89.508449,31.432688,201.313547,228.384614,202.374950
94.547434,73.028485,179.232394,293.143630,354.279508,105.432688
96.966707,61.117924,211.091121,210.406880,208.623180,159.202226
76.542330,89.547152,6.484713,187.110690,422.712754,152.873107
116.870867,95.641300,264.265650,239.704246,255.803466,182.331236
65.358896,99.920063,114.272223,302.387394,332.696291,132.842624
114.504035,60.299642,271.651180,289.587336,365.106900,226.413240
82.464101,73.442717,318.730447,184.733624,341.785056,183.385127
93.537404,108.631793,111.573627,263.798178,278.734592,108.502422
99.440219,107.645968,44.783446,227.675671,305.908779,140.886001
59.948859,83.946372,345.054340,153.033700,347.055313,204.481520
76.718776,88.836831,78.785948,216.341247,287.872233,219.922020
98.434208,75.958292,245.439872,169.755109,347.173903,243.396312
111.326368,117.665415,103.556868,178.169232,266.650485,130.331253
101.757362,83.456790,311.551841,217.307081,330.430261,150.147237
67.292556,78.850760,143.545840,172.517422,267.885322,156.025812
65.847570,99.622697,43.237138,237.095973,323.774596,257.859096
96.524928,105.374609,216.326853,114.846826,278.175178,198.500178
95.351431,84.858388,157.296517,196.758315,188.893514,172.249137
75.134430,88.426383,120.826171,267.017408,328.573603,132.219410
77.301558,73.259930,174.420415,89.307628,294.944305,243.988280
81.780456,97.622663,177.098558,179.610233,192.418097,155.937260
99.720273,86.242917,55.496769,255.307989,254.471999,161.013078
71.198422,111.793970,152.179877,209.401258,434.097287,83.682540
58.803358,83.007296,75.140999,268.354971,287.148905,117.218583
94.232288,98.002189,197.125047,211.542375,231.077143,131.166534
95.173656,94.894331,9.962819,187.056846,366.817326,178.664427
72.748800,77.373951,11.151411,246.761841,421.778815,186.276673
87.123205,101.957509,0.284664,241.861647,300.550881,122.250549
91.799139,96.701461,173.638322,159.875842,231.399184,162.926560
73.151959,101.608776,108.333515,138.463593,354.489259,133.863519
90.162774,69.357209,11.571203,222.872385,240.085486,215.483286
76.711732,84.849972,323.645741,180.758701,284.983143,128.422283
89.431668,113.287694,65.141372,237.029915,200.995133,170.881296
98.016490,92.421691,237.979249,257.967345,239.163041,135.986339
104.818813,78.918290,153.724688,178.164903,265.858048,123.141412
91.855046,79.237452,48.319053,170.517049,307.993929,141.661438
105.669744,85.435494,349.736766,164.176085,351.868195,188.657200
91.659980,105.992497,100.096945,265.117669,180.891739,78.860666
97.551745,97.847231,141.093834,292.748147,227.136506,177.578274
87.593914,108.931067,287.578005,219.098446,281.721270,45.338302
81.307646,72.594956,0.638451,207.869133,394.027035,83.402424
91.759201,68.091348,340.047269,175.713274,376.669878,215.305073
93.369268,85.024412,310.643717,317.826319,260.642286,42.152482
100.694101,92.763298,58.592728,156.936080,337.351274,133.753297
97.043952,106.727992,164.913375,218.529953,319.856831,159.589880
75.242052,91.350531,170.492444,282.719844,264.633939,74.301785
70.963638,62.221074,89.792266,176.168855,302.770962,118.799934
88.866541,93.548589,165.318694,368.077920,338.226301,138.849265
92.758949,72.727497,273.765187,231.764936,215.265123,80.575583
92.799055,92.551036,198.093448,192.386710,144.217724,127.412789
99.858951,75.354625,102.920728,147.683672,264.355614,51.810321
57.061499,81.660879,150.685062,233.718465,304.333609,154.213364
58.466329,105.764203,241.687616,237.814416,313.597611,177.629805
86.834558,78.012894,227.426301,273.622729,309.203330,186.297104
86.563614,80.685921,79.721275,218.074109,217.610627,148.295241
82.244783,91.378246,290.133582,213.220624,235.672336,167.032442
94.570263,77.257435,57.212241,174.584491,264.181942,138.577174
90.352469,82.988452,81.703480,138.431703,320.972537,81.270083
97.610881,105.400168,268.735865,196.584012,284.878437,210.079139
90.451848,99.633677,330.908755,211.243915,227.845615,148.035577
96.873055,107.775984,216.764470,242.288089,365.078159,106.541456
95.579213,85.299854,182.338905,350.098909,227.198830,150.256373
109.755301,70.987357,231.163925,271.672190,235.311894,162.897848
88.452303,101.177752,116.217496,237.188617,205.692773,112.556893
104.248128,98.619989,262.914355,197.284006,198.762769,117.652516
83.885900,81.317854,74.536555,284.270367,240.219896,123.572248
114.098861,79.054400,233.968608,204.337403,265.553245,130.567976
111.108903,86.259652,296.858696,180.180369,383.767423,155.178765
80.805735,101.622315,76.962023,159.938049,320.550611,111.205646
110.650064,73.709379,325.092727,198.799911,327.893406,93.468446
96.475447,87.864602,323.683556,215.224881,232.699176,175.809523
116.077452,78.555422,98.828350,252.837845,203.334716,143.178613
106.651433,78.572774,6.443433,223.824917,288.187202,89.740260
105.602016,75.647920,352.724687,291.059392,252.170234,239.432422
89.749735,61.814161,12.129145,176.849809,278.148869,145.764742
97.681197,79.691597,190.815770,178.417976,413.910953,194.646553
83.509472,98.354538,191.619911,268.878057,280.717702,122.074319
105.296508,102.279977,202.624362,218.763584,270.389722,120.419926
107.418950,107.465964,111.735529,262.589417,168.221936,72.402225
70.768760,97.206776,184.550544,195.345979,368.835977,80.416749
92.340187,113.127737,54.680471,185.965067,238.837734,124.598517
68.417962,95.092836,272.023164,289.586381,398.146057,161.150874
50.139454,71.788802,146.975851,150.598863,328.106583,140.246455
113.971624,89.298826,198.754382,232.835590,242.702640,99.349763
86.273948,92.965902,189.992442,210.618883,262.024762,132.559977
32.802053,77.160585,132.499946,271.330073,336.168951,104.749117
90.952484,89.221749,45.186442,239.073792,258.499936,24.406937
102.744691,114.920331,20.189730,275.286610,293.355641,153.025707
99.927688,110.822162,221.653206,238.264733,372.952384,131.980026
67.818741,95.490547,48.150668,179.494945,174.922256,139.696949
102.177340,78.869215,332.072548,230.152041,170.197360,103.523581
81.190919,99.661632,98.304859,153.873120,359.756248,242.849545
78.472545,92.116028,120.934042,204.801527,198.970392,137.000215
89.089190,82.797368,27.143342,179.233847,268.442099,132.921355
108.622136,88.158512,2.981560,222.028220,264.270637,101.272867
96.251025,57.238704,23.032772,268.980849,451.963209,144.407313
93.941923,69.314238,50.300214,169.782158,352.480001,206.508339
85.544045,65.240466,206.226370,212.151077,109.018182,126.442598
77.955056,92.667662,103.759598,220.353676,175.039417,55.100167
78.694881,89.586355,280.054816,134.590853,342.469845,182.175962
81.278803,81.256445,164.307527,159.451521,319.062629,104.552506
93.837198,88.846487,306.913677,326.428756,264.337699,94.102798
80.324952,58.090041,299.670181,216.543999,370.010470,152.458389
88.161360,100.367825,86.932127,228.875525,217.626258,122.994746
106.726450,77.570382,3.984380,227.559329,246.500631,116.392614
95.318038,73.293067,95.486824,283.499938,381.312964,119.229296
60.514862,74.640664,183.880764,145.392847,251.638068,172.316636
93.393923,82.604870,252.599594,253.824403,226.331408,144.911824
109.670951,75.372775,167.114971,206.503297,223.776303,88.536899
56.219386,51.910044,342.181852,193.423387,331.041258,40.229953
95.092249,96.187627,101.300879,171.400058,224.182106,159.043761
90.969871,88.953481,91.709656,101.323784,329.817243,220.684518
72.593260,101.152322,141.511422,208.121444,336.445661,204.508898
93.727874,80.806001,196.478724,195.968446,300.249699,212.731130
90.452172,57.955917,82.589990,205.910403,160.553512,137.899967
83.397842,72.014483,187.801958,227.614984,345.498177,152.124703
64.218190,85.104612,104.187049,152.363478,136.210847,259.702625
111.246942,93.822445,322.532011,185.156988,306.994358,88.715517
106.569787,117.228472,71.152710,185.209053,431.610086,213.698736
96.558171,112.646905,322.814783,181.960696,337.612197,115.770701
80.023938,74.721418,117.485808,152.119939,134.235200,133.965186
108.433432,69.815764,325.913354,251.234381,216.516602,121.029874
86.681120,65.166942,107.766981,108.907772,317.697630,61.984854
79.200548,65.260554,34.028134,171.992626,227.557143,147.104293
91.611729,100.903914,277.538676,204.799939,299.804537,121.844669
92.159853,101.890296,235.436019,304.062735,213.210724,188.415574
73.180237,101.393106,101.473293,168.921015,345.801979,67.875636
86.766233,103.486392,6.034396,169.420274,268.106632,141.043914
79.001637,83.600476,24.277592,190.883164,305.853277,145.728203
73.314570,102.833600,291.202666,260.168293,348.098335,201.898402
84.897592,77.880657,17.662945,278.235836,211.575642,84.191612
82.642065,95.395642,219.406622,129.675877,301.556687,160.503782
103.221087,101.186067,36.116252,184.138250,289.585677,126.150019
80.044761,77.490366,39.935839,230.858061,269.003108,159.115172
80.831403,95.964039,273.356428,206.269317,326.627879,106.077522
109.738285,90.903680,152.801119,237.734028,160.198247,67.498420
93.051965,91.878630,26.882776,215.189883,202.633418,122.896457
116.102231,106.415673,201.523553,274.926379,253.817956,192.422148
106.670726,93.964289,218.833544,180.003468,205.819525,57.713743
87.951054,107.535939,189.977262,157.740944,212.799283,192.096502
102.250992,97.614572,35.672558,327.566697,219.108829,137.836260
89.030283,88.806745,219.983381,121.412255,364.890055,84.458961
100.067168,100.425270,9.262003,187.307413,243.002175,177.354618
81.049310,73.177708,43.949319,345.527868,248.292278,105.054660
102.192444,73.895515,183.820345,205.351660,360.312516,147.447901
87.568639,99.228527,228.466717,189.375770,250.894305,119.407983
67.784584,84.265112,222.723421,226.235662,238.447716,292.192521
103.811032,94.761184,282.018896,211.429454,282.653067,179.050236
90.268720,118.331375,150.927052,152.070083,330.184246,221.979129
107.126175,94.807687,99.808058,211.245768,382.767112,167.977356
85.872772,101.616032,260.415289,113.664367,254.065292,139.161344
99.902798,73.357005,1.484228,206.946924,394.030076,88.320184
104.128199,105.573410,291.696812,238.251594,193.230239,75.492649
82.415292,93.541822,14.250985,234.863523,223.048838,181.526145
98.303961,115.357670,63.309567,264.866652,344.049980,153.477891
75.606414,62.661427,94.484981,286.388208,246.561111,200.461514
95.530937,79.890670,175.005021,232.054644,239.277801,59.716308
69.806287,85.233087,254.670488,222.860702,320.323885,156.054053
110.095247,79.233115,31.721168,272.850433,288.816426,165.839060
105.985201,90.435584,116.293121,232.136674,293.421558,153.967877
76.759650,102.174114,214.960238,260.773754,256.617578,184.591659
86.184691,68.010749,92.978966,231.247808,292.542488,177.683003
105.132213,126.837417,110.405996,149.209726,297.622081,74.346980
114.061137,80.773620,173.953561,233.018303,214.367136,165.754556
71.902493,67.820368,40.425251,131.204327,310.073572,254.704305
79.539753,101.548986,86.702865,172.040060,298.027803,135.186555
67.020912,80.702780,74.189654,225.379157,277.762721,171.886393
102.942444,106.875136,122.250685,257.273486,396.733908,190.417685
91.001938,111.283225,264.570270,233.686132,203.746864,90.507532
82.803618,109.012023,101.253115,256.403745,333.113906,136.750443
108.164992,104.903174,316.371528,105.265776,364.114342,78.569848
92.474157,67.368098,214.749962,255.864615,310.447510,118.812375
70.051674,99.870911,218.799918,166.134871,379.285399,137.372426
92.155455,86.901334,15.367749,215.012741,236.251046,164.873796
90.408388,98.257021,79.553007,165.661696,313.372417,87.575292
104.939291,54.356000,178.249335,161.865969,200.982938,140.857871
79.290095,63.339997,73.553506,109.904585,182.893015,165.522810
87.468671,111.136901,305.071771,182.827911,306.716427,178.691667
74.238534,63.693972,141.506813,229.773650,335.017476,143.216432
120.654355,98.279085,351.934857,245.492616,301.091986,163.211902
73.011919,101.174360,254.548099,275.139273,296.400968,143.127474
92.847668,87.915170,321.312750,205.927648,346.811930,212.546992
64.970210,57.201795,73.755967,254.173263,315.293548,245.789837
94.096138,85.854118,28.202584,244.083421,229.704359,78.087006
77.303613,62.340571,65.616349,205.585087,344.082194,254.403892
94.048717,56.204513,308.146217,49.740328,354.315674,158.610903
78.691162,94.555510,105.656515,162.921507,266.864360,131.065521
64.757310,74.316709,253.417873,145.636689,247.489140,184.089368
115.688361,98.122548,333.405779,170.068647,331.534361,141.754830
86.332680,87.658847,175.460500,133.582061,353.804598,144.692353
89.381902,91.713467,39.359665,233.913808,117.796618,154.651817
94.513350,82.638075,172.082576,131.077400,325.817922,149.341158
75.049808,105.770124,285.747039,187.462998,165.661890,239.793093
86.389089,90.434274,71.233754,292.793272,248.963799,132.425438
98.580998,87.828690,149.100487,253.861082,213.949982,146.908578
94.694957,116.829977,139.867781,184.237644,140.912846,117.872506
69.906767,73.859709,77.058246,279.944960,396.496035,208.874114
79.926540,110.488256,226.878760,140.473070,444.002833,106.761467
95.490841,83.899342,171.582522,249.284721,227.941714,55.116551
103.355626,93.252576,90.911652,278.801947,279.694842,268.074184
107.216668,88.575034,170.449355,215.675684,275.574955,133.204868
61.942856,96.145412,251.486501,107.754910,116.135952,119.744841
110.065344,91.387664,35.724480,190.052589,296.669046,136.746857
74.389640,87.536572,173.523206,199.392152,217.389078,124.383112
77.321954,86.451698,15.199847,282.222847,228.222629,118.632275
83.973416,89.670976,48.859743,117.413063,244.284821,152.116132
136.319842,85.066879,84.256388,267.408476,293.958394,122.625120
102.962685,106.903040,220.448652,152.120735,284.182033,163.122111
83.642477,85.151211,112.435802,140.609794,151.689422,178.930945
92.434645,74.838879,175.861321,263.213342,348.248218,175.172023
54.806104,83.795889,257.388880,266.613754,220.692740,104.663600
104.193901,75.802321,187.657733,86.365519,288.681931,167.073618
75.637562,96.010248,221.618535,192.142195,370.885077,165.976068
65.578277,104.030858,285.522687,203.107793,526.174771,100.774118
93.106296,86.429194,56.521455,264.899320,422.652764,237.189385
86.173222,88.896151,96.514305,273.287114,189.753585,112.175509
80.923737,126.810659,199.936842,187.482511,268.254320,32.004714
85.115409,81.687479,148.344567,175.628797,288.543661,167.441207
91.212005,69.570143,269.288044,265.195186,381.028742,27.070611
90.407061,99.275540,107.163850,207.922047,367.914601,184.993695
108.785398,96.335125,51.627306,185.925520,324.781549,68.024815
69.344763,86.908776,79.148744,195.927567,156.800808,115.200749
69.664675,81.392360,286.625628,302.727199,320.689604,129.370389
83.107901,84.698229,185.557456,243.714164,197.007101,148.755528
77.426110,90.796359,229.541797,248.734334,384.723261,129.403110
68.115600,80.158299,222.191846,181.238113,344.530160,194.089642
96.857581,78.810235,48.858020,230.315987,385.872141,230.694917
72.034423,86.496412,247.321540,178.098321,290.744814,209.033074
93.560234,85.877737,274.935964,222.625541,216.010995,117.673135
97.753678,90.950479,75.770000,275.512927,231.475604,128.076539
84.234705,94.166711,81.884930,184.968012,238.377498,148.730887
85.627251,87.313667,87.495701,225.630360,350.314544,114.309854
106.940654,67.099299,108.194403,178.283958,225.270348,146.670972
81.000548,70.656784,21.767238,205.260423,217.740244,192.558545
73.483328,99.634529,354.103750,251.127317,193.673359,201.562479
97.435907,47.974542,342.077585,265.733676,213.002898,141.661975
98.776226,81.745837,253.426879,190.673948,260.495088,134.868409
86.713837,95.213380,251.556895,225.314143,192.413138,246.093856
89.885880,75.673837,179.353675,112.742791,285.135691,212.730409
98.052890,74.338375,108.828011,258.493512,289.475967,211.008919
104.020773,68.041887,107.360717,308.612168,149.126885,171.109892
110.691439,84.567974,327.880600,106.773451,206.817977,121.413456
103.865514,69.952475,144.380930,163.836114,277.572261,120.710249
94.444772,92.680791,149.450018,210.193714,304.044247,120.619617
95.753430,112.748549,147.992288,102.752732,305.196235,165.872057
112.598224,84.040997,284.626512,187.882207,231.703257,258.683945
61.895365,90.194716,145.368316,216.452237,464.487303,209.505781
124.630631,94.505180,259.217002,255.464129,261.532541,47.822315
96.268647,75.562592,202.402184,217.140047,262.530929,150.488935
79.704426,84.206172,172.150415,254.980559,269.584608,107.273975
129.913285,99.924012,152.807529,302.904800,322.961414,233.611590
93.351090,83.179385,141.501225,256.367168,195.366530,70.830276
107.010149,105.585954,65.955103,295.969693,199.035155,168.253875
69.672582,98.528176,170.921978,196.791089,370.512552,131.008593
76.232411,94.831115,224.547858,290.071742,308.570033,115.820346
73.407940,90.143135,41.835138,125.190742,322.001751,157.710644
83.756785,64.853494,191.533238,182.351730,248.125211,76.599491
95.119494,89.355395,218.999583,188.034188,239.510446,126.493560
76.147564,98.081520,182.147602,224.555053,286.488157,133.678783
97.481613,87.025681,186.810982,185.654023,166.585243,167.684953
107.293378,87.792063,103.964657,197.210544,353.623102,230.131500
109.929164,103.157759,48.470579,143.833747,352.150747,161.068238
71.243346,75.392105,8.491341,238.182585,321.803739,122.605586
119.243115,96.934032,12.119615,231.727612,277.466217,186.551695
58.669043,78.961409,320.550434,245.478146,249.416295,174.138166
74.132393,80.446066,229.199429,168.074474,310.028665,192.343860
116.496080,71.826365,318.979163,204.677193,296.952060,200.716707
138.926611,82.986294,236.161086,122.787351,226.111195,95.995945
112.963970,61.796073,290.511745,247.810747,255.117036,145.216450
93.184697,101.363785,42.410256,249.284391,254.036661,45.470681
81.497143,82.987930,150.429873,277.301206,338.879505,114.402187
92.887436,55.844268,235.236493,207.110709,243.671878,155.153022
123.514255,93.174924,278.489590,190.505218,249.285004,137.408788
66.395874,66.543317,349.663558,208.782193,393.392121,212.310571
104.346841,96.446259,35.671172,176.263518,259.383773,109.597521
110.321798,101.775974,8.558579,226.515219,198.939053,236.445607
70.352146,82.716114,271.809892,199.747552,269.532040,215.034305
93.227978,76.739932,223.567779,370.085013,168.587955,95.207764
91.025014,82.653173,85.852513,155.244493,382.844482,77.692434
97.654775,97.361327,74.201221,181.801322,298.765546,134.465071
109.571730,92.456748,262.974893,235.587766,298.998782,144.504806
76.942851,62.506884,62.979717,197.281672,263.988977,196.761789
111.324000,83.038080,180.261132,205.058835,245.590795,214.040538
86.672049,91.877686,281.354331,235.138221,139.882540,154.703716
105.053084,92.761131,249.326983,255.617695,325.110366,65.461614
89.756267,65.934073,276.519247,153.953804,277.391219,140.911397
82.778359,58.335789,205.326610,209.278803,244.967443,144.829346
99.673324,102.581229,140.002098,282.522779,338.381327,151.632191
89.206973,88.913452,80.191200,159.346176,206.792480,136.862202
91.478616,97.641204,237.828370,184.178972,334.010832,180.507271
89.011115,69.249199,112.217850,259.338347,314.360506,172.223325
89.384958,75.042046,33.536240,254.669415,238.624255,103.977443
78.851196,111.205119,52.293574,178.379261,191.884713,233.799252
99.540733,99.395345,252.852660,184.502541,169.610869,90.894311
80.327405,78.350071,224.126323,258.943969,119.028624,154.201576
104.762611,63.747262,104.862608,259.297033,170.811610,115.229387
104.711954,63.066292,63.485291,301.493024,323.422081,180.939756
86.015717,89.414861,112.872105,190.550175,414.520433,185.966367
78.296849,84.242867,356.942748,250.712848,221.980633,174.288421
77.784986,102.338479,36.646052,178.318139,213.666530,172.556343
121.199307,72.600149,171.009060,282.278066,286.141503,94.439583
104.149701,96.539058,350.390643,233.845884,345.200136,132.417163
83.129016,76.397195,181.183248,247.060494,267.861635,206.400940
65.675832,120.922226,79.621590,180.866507,285.886059,184.192157
78.824292,48.322437,71.088789,144.847064,179.236491,58.692270
84.010871,72.733894,246.238186,230.159039,368.724809,134.204787
73.444520,87.587981,93.720200,201.080213,304.184975,132.072548
113.626417,64.497607,175.791300,205.817672,279.017693,105.957203
91.033143,113.464393,178.327241,156.048210,260.180385,179.118216
113.214587,111.330813,81.069681,201.942883,212.353360,208.402634
90.788688,84.736465,118.753071,204.919425,214.897908,177.369314
125.837036,62.338207,243.152273,227.846973,206.397538,118.785651
104.657200,93.623097,0.280033,267.668497,277.584084,87.461936
83.869317,71.593762,144.398655,267.903854,149.313375,150.774607
69.291770,116.139691,282.926956,186.560836,263.529579,199.438562
67.929283,81.970536,247.941290,250.104481,350.150073,122.252540
56.786047,84.053782,250.337949,118.399902,270.247799,115.586972
115.299896,96.344095,167.804023,260.044659,269.103354,112.143953
87.529471,91.526139,212.701113,199.616068,161.404455,141.571102
80.770923,77.121658,313.268661,157.804207,431.801412,182.347465
50.448372,95.924787,90.066340,144.410449,118.212461,3.202423
88.838588,69.824190,150.104401,249.700574,186.761569,182.333959
105.863683,86.115780,305.541847,204.066629,315.144892,177.174602
77.902762,100.262081,290.961344,203.434882,280.689355,182.969910
110.197320,82.591169,357.426619,222.401489,361.584412,171.304632
75.507142,108.090410,122.798913,214.887880,250.312313,236.749977
82.121999,119.064755,122.466274,280.514009,322.194831,174.177634
83.601732,107.768304,68.473120,163.417599,215.696318,131.586833
77.252906,65.293160,305.700309,251.172128,227.132078,73.681869
89.750462,78.286015,60.189239,145.783612,269.605960,109.325681
70.756944,92.889309,78.518897,209.155951,207.298846,68.125062
95.294401,91.565900,344.832473,228.165350,473.866026,179.578339
87.368117,93.950639,94.132011,132.738578,267.743180,116.334138
92.268381,104.048710,80.412699,157.233202,380.856325,144.475970
74.687410,95.011069,290.332813,275.275017,292.781159,150.532764
81.206305,108.204611,312.190064,239.551332,317.380083,106.700002
94.586306,108.850349,216.940717,184.115704,173.543345,151.136929
97.357275,71.718111,282.330138,120.325531,374.463122,185.329849
70.708859,96.616484,40.060243,166.986440,289.377356,153.633346
88.114799,122.191785,308.205002,237.297908,137.443357,73.060538
100.570333,90.676434,231.052060,206.959597,149.409750,158.953628
117.595445,79.324119,69.515103,202.556302,159.204952,101.333825
108.812059,83.526045,292.398946,174.593525,292.326256,117.532327
100.327403,68.600343,277.192138,293.468045,259.093880,177.186499
87.839513,87.801712,204.669529,192.757197,297.821555,146.804408
82.339832,93.304699,88.173478,173.243466,337.449025,124.064396
108.433709,90.006920,312.913375,198.758651,280.863952,83.464555
111.040025,85.479650,110.959489,236.542547,321.635367,105.425537
89.666311,93.679354,93.607497,254.724739,353.004351,59.346529
81.876128,76.189447,235.515008,241.024672,294.583041,149.638617
116.243698,105.119920,200.918838,214.027577,231.298195,145.562517
96.726849,92.144980,241.051303,237.481945,248.809649,179.735343
93.510938,101.139395,313.912852,262.614873,332.151677,145.690268
80.791054,78.756111,185.043014,169.612413,485.340678,116.624816
109.587043,80.619585,173.889246,164.965956,205.955602,141.375670
99.273097,104.491147,181.091747,177.052833,319.245051,192.461096
75.375016,111.705582,87.115186,279.156341,372.280175,112.663167
85.609625,87.992855,351.531263,248.311757,244.786082,164.565070
72.128408,98.384749,111.208258,230.793989,285.899133,215.829617
85.784896,72.238063,347.116703,237.548484,255.407131,69.990271
83.789207,107.537029,175.392638,254.571773,124.158978,136.178520
118.247647,116.029454,317.742145,201.259799,299.598357,-1.210796
100.051672,94.186452,17.809543,203.366676,173.790627,235.177455
87.965887,98.210434,160.814975,276.976072,306.670235,168.084662
91.009636,123.846972,19.596899,319.541419,357.546907,176.581118
91.621401,93.843409,257.090408,227.904504,227.933641,207.317012
82.452891,86.355209,43.059320,149.186524,276.820692,158.625848
79.148191,70.521774,251.265480,188.967602,221.853800,237.513922
68.548175,71.192953,128.209792,220.042576,239.175071,195.552643
68.963995,86.548763,282.251903,212.512210,413.500152,111.184455
112.556214,85.569118,2.938644,285.137000,344.777772,115.571955
77.699018,86.437439,179.136524,196.368694,205.042261,171.736072
93.505196,67.550580,253.315876,86.963075,333.254614,95.185011
103.319939,107.412643,290.513128,193.225933,216.775990,257.025462
79.690880,101.996954,121.200722,219.036777,267.422710,118.624129
83.154561,89.474063,303.820728,210.752385,337.064097,181.770715
113.012426,80.751895,350.874459,236.781268,279.998547,160.966263
65.137781,99.943008,59.950910,204.397129,336.259958,239.898609
104.025614,87.808929,50.272259,165.298843,352.312066,130.700932
83.789639,107.985754,49.113379,294.028643,238.669089,231.725406
56.110981,101.945070,2.217300,264.403597,225.804355,149.462757
103.069736,102.822018,159.273284,256.564524,187.207363,63.859925
93.101488,91.070061,348.477719,243.749419,266.757622,289.719153
119.017791,96.609735,271.506394,142.996134,267.238595,167.908508
102.911348,111.161020,325.810090,242.307804,344.526637,173.334643
65.608386,82.999819,357.609220,275.522205,354.026674,129.724920
109.939667,97.811378,352.343935,270.605952,296.803452,142.586686
97.195785,101.275017,281.537961,282.946645,157.952268,208.502488
89.440726,92.598093,197.010595,249.903065,240.189497,145.400946
80.657798,65.812032,280.566646,179.381240,273.086386,169.099401
110.972522,82.524590,272.345053,201.431766,278.040929,216.917804
91.545252,81.061123,74.970799,119.843430,279.924938,156.917702
100.148413,100.204729,120.041490,192.736143,345.001895,154.642466
77.727784,76.048440,2.094560,196.263016,438.152817,182.968211
79.750765,90.287139,124.771171,223.398103,281.761287,197.357540
115.272158,69.016027,262.077099,156.848823,262.789173,228.530205
92.516613,105.508356,4.075261,139.453948,263.403400,142.559636
101.720828,58.149330,355.314646,312.943935,362.539943,171.566180
106.483536,82.438648,106.761670,135.058521,274.006431,49.343052
96.731102,85.120598,238.016616,202.588536,232.121038,140.375344
93.852797,74.484807,325.867365,253.105935,303.473660,118.099594
104.624700,89.177332,143.851483,211.765676,365.969234,114.807828
98.307131,49.477106,231.367176,214.637072,416.517835,191.306321
107.973948,117.890452,287.955892,169.397457,291.744736,128.022818
81.437853,85.317209,174.403403,239.397271,306.375070,-9.255759
107.024001,90.170553,351.496006,133.075120,228.200597,120.967106
116.743852,95.318145,66.548651,161.812757,196.481727,241.701404
94.744072,96.878036,97.098025,226.557273,316.695270,159.859341
95.778750,82.644913,108.557461,226.129834,239.994520,285.127983
76.111069,94.957962,32.416730,237.768014,344.240054,151.125053
67.515121,96.030076,251.527961,149.759977,296.361332,129.323039
87.521440,96.032778,297.260019,261.720833,247.566216,161.544449
89.031411,94.418043,131.972677,201.984977,279.907202,126.797614
75.427266,73.807352,263.598778,217.834898,408.706757,201.438016
84.758571,90.885090,14.859386,151.217572,261.467051,257.542640
90.716833,82.130285,287.178791,207.759360,303.406106,205.306616
86.638626,92.699845,31.586047,204.021542,332.150356,118.443602
116.308399,110.918653,107.779115,153.690828,246.246313,201.831056
86.295651,105.222630,53.890550,78.858883,194.127243,142.634656
115.244315,82.584761,344.560018,114.038018,298.458212,221.196816
103.933023,73.216648,126.896369,242.139107,369.123680,162.485861
89.987129,69.892664,109.015641,237.757056,313.824205,204.758402
110.923468,101.842799,171.018660,208.563023,228.394216,86.400557
86.825787,99.895571,172.285654,252.659017,206.378164,170.902874
87.562289,65.966930,153.555134,159.017501,315.197534,273.694863
85.844711,111.356154,103.927134,181.271409,384.110680,178.776077
90.480709,79.489526,84.578783,186.955424,265.010966,134.311976
84.402997,67.658760,202.523346,321.638809,338.799535,154.001066
81.073178,114.395839,322.624651,312.382243,290.546335,166.109610
106.153908,77.116208,194.872715,199.268864,286.171465,93.836723
68.482160,97.868135,161.858607,318.118355,207.717736,129.988844
103.328160,96.085421,171.567568,157.794180,201.184145,64.448973
66.499273,73.146974,235.961999,188.258420,145.535887,195.511712
93.662370,81.331720,326.421924,225.336743,268.735356,128.710356
92.568236,78.273303,2.921867,282.941819,258.763819,187.038326
84.536301,99.569831,42.211597,321.398338,184.310035,152.701448
97.908952,92.887795,221.327621,262.716189,258.665368,168.572922
78.537587,73.361944,29.751000,219.254703,289.103660,111.687444
93.451683,104.865567,92.895585,168.409405,391.151329,183.014051
106.672357,59.912269,72.797826,172.201707,385.721014,70.180006
80.797545,83.963181,189.290839,268.083227,207.860672,174.979218
81.113996,126.328716,115.433746,280.979253,240.640467,111.503994
92.626066,94.504070,235.712565,239.432695,227.166829,134.092188
104.410138,83.862695,215.233145,172.604260,230.225791,81.183484
101.129089,92.062386,264.800866,200.492427,219.659787,210.371164
78.605204,87.021246,57.593002,195.668845,307.434873,162.030643
80.347946,56.074695,326.045843,206.235640,237.052860,195.448059
84.849545,77.084257,257.513180,164.738303,349.289594,189.403505
76.850260,120.222244,302.651005,243.793458,240.243440,27.460687
110.066200,98.800626,189.340751,204.785119,319.245582,113.039506
109.134690,89.013594,218.480970,270.012218,346.482290,136.301865
84.929819,94.171755,141.165441,211.388008,264.655943,147.480184
99.628479,76.810851,153.071401,201.977297,271.666394,100.708468
79.095721,105.179119,160.061057,236.576608,306.102684,87.703362
88.210373,109.525989,352.200487,205.082545,316.221547,229.887359
76.296004,119.719504,356.717609,273.557254,213.146201,178.306748
59.907545,73.157317,176.344634,187.067553,235.726511,142.547129
82.920830,80.736057,69.320924,262.385720,253.050030,98.016054
87.445345,82.783327,179.784261,216.216020,322.943023,208.227078
69.084126,97.937828,334.084839,221.794777,386.045454,119.071106
96.297759,74.804521,192.408065,264.212682,379.948407,140.714258
83.476843,93.013153,143.469041,244.637498,307.624232,89.156903
88.549669,101.923935,133.861404,159.885393,255.330147,154.011267
93.958200,95.848393,166.127166,114.388056,222.018370,129.361879
66.832084,66.945557,305.668660,237.907726,303.580007,158.783896
84.453186,86.183230,273.433884,189.519005,277.366258,123.468060
77.582196,96.254326,79.312853,103.406935,176.255885,62.718848
71.040989,85.552405,152.805068,205.849246,291.986851,114.857018
94.285944,99.011412,34.494710,198.733441,281.738405,197.503400
66.043274,71.398098,339.346777,162.731319,200.004630,113.500059
94.440841,91.021191,35.363779,211.068457,264.372636,187.987093
87.022957,93.302793,241.230786,252.152515,192.989820,76.912250
96.009456,55.571008,157.411345,149.947218,194.015709,167.877135
61.610642,99.569376,50.848597,177.380429,329.003038,131.992010
102.882831,93.025587,273.433389,352.549505,250.460894,120.497694
90.770104,74.728095,90.071772,217.712943,310.132257,186.709112
86.241864,94.614928,357.391741,190.249621,237.094625,218.979723
95.464861,79.632925,12.940005,197.151781,338.343856,60.155670
65.991851,81.579132,346.281217,155.382006,320.959752,151.660889
83.250813,93.030056,298.996274,173.750256,334.896568,153.332173
82.313367,124.701682,30.685357,154.490215,379.932689,181.232573
73.884754,74.953886,193.891707,139.118223,236.696166,201.936700
96.634141,66.660065,326.742055,222.679294,313.500140,158.733445
103.256331,107.328474,141.775730,153.467260,328.074244,121.872160
81.411784,77.964688,264.300824,229.476025,300.555391,146.393234
112.237363,77.796523,291.007530,239.260970,388.670281,213.548976
81.183734,87.790604,217.712625,332.695476,322.398511,77.559676
86.812612,99.876645,73.926163,182.967621,321.633840,236.500534
88.834851,69.528000,102.312622,175.618128,396.903523,134.367100
80.322231,118.106943,30.436269,226.730605,217.560533,103.545001
104.745931,89.253605,337.336947,164.559102,305.858905,94.265828
86.567129,73.479427,15.378278,212.809042,267.984853,151.157710
108.724874,86.489308,172.496776,197.404121,227.328488,62.608367
60.214458,112.787624,320.992084,119.358085,342.985499,142.344823
115.567848,98.384965,258.786855,148.864260,277.476536,122.295352
85.270575,78.885152,36.515844,230.362038,286.568536,186.116149
86.010940,100.452337,139.671722,240.731192,285.120046,70.559421
94.988566,102.743375,17.541058,273.461715,411.854994,164.784483
48.090667,105.943253,272.569335,124.387082,301.397581,237.147468
77.347170,88.870711,169.875102,111.784799,256.927337,171.509502
96.516051,102.757744,217.060914,168.578879,367.282308,104.944369
74.562572,89.043834,123.199050,153.008887,322.508872,60.922216
100.573014,64.822294,55.537762,201.993450,340.262969,195.060167
92.264093,83.097831,89.398490,232.569880,325.251857,156.470600
103.733486,68.354719,286.237796,249.072822,258.445472,237.152924
71.968785,109.109393,43.424233,280.449842,356.751015,167.711582
82.749312,73.648261,196.485485,187.127068,248.024317,106.218376
112.231761,89.750131,257.007420,229.658591,269.293962,224.645766
82.499552,101.798664,305.200111,242.972735,240.982233,149.974850
91.937489,105.265033,150.453641,296.772011,196.677691,185.259852
83.286406,105.233878,112.186511,234.355352,198.123281,52.038709
100.075941,88.117835,336.971833,247.729609,213.543600,100.282665
88.338412,123.645879,346.828274,165.751540,357.290001,192.547197
105.740619,87.246389,254.183627,182.183656,243.787394,150.939781
93.631969,79.592888,5.625898,297.220874,210.023205,211.125821
115.457003,86.391658,295.083892,144.846045,235.221376,199.810650
114.302997,101.611987,301.897419,165.723999,170.530158,87.980645
94.415470,100.649702,182.475550,199.623050,298.847996,56.851701
65.884193,71.504112,218.916876,119.387219,314.218395,244.274325
72.768434,88.794835,102.467877,200.995661,209.280683,173.025802
87.011579,60.898455,131.484789,283.321624,412.235722,68.764861
96.514329,85.842933,298.527284,192.746829,234.896140,242.509166
89.759948,101.418982,358.794432,231.219344,262.833653,189.490115
98.723732,130.051622,40.180320,221.861215,168.947517,97.580616
117.430063,95.398385,271.210367,166.375188,286.478073,188.866584
60.463458,75.260954,134.203224,176.861584,269.941660,138.736636
88.512898,74.733872,187.337944,226.051442,174.819768,165.103524
50.260553,87.542351,74.019599,255.391112,168.706193,198.055452
115.823261,76.022976,150.646544,140.194701,377.516756,273.396897
84.109622,93.734251,229.659135,255.645087,204.264420,185.933704
